材料１,材料２,材料３,材料４,材料５,材料６,材料７,材料８,材料９,材料１０,材料１１,材料１２,材料１３,乾燥方式,乾燥温度,material_sum,score,pred_耐擦過性,pred_粘度,pred_画像濃度,pred_表面張力
40.4,0.0,40.0,0.0,5.0,1.5,0.0,0.0,5.0,0.0,8.0,0.0,0.1,1.0,100.0,100.0,10000000000.0,5.153952867633695,7.401307252886267,1.090008743303902,32.999353923486176
38.4,0.0,40.0,0.0,2.0,1.5,0.0,0.0,0.0,10.0,8.0,0.0,0.1,1.0,100.0,100.0,-0.49997516414196963,4.930372400319193,10.394181815927125,1.6597783391284646,32.01834571922862
47.4,40.0,0.0,2.0,0.0,0.0,0.0,1.5,5.0,0.0,4.0,0.0,0.1,0.0,25.0,100.0,10000000000.0,2.8021439259987897,9.100258063752898,1.0200164358674633,39.00041339168766
